<?xml version="1.0" encoding="UTF-8"?>
<beans xmlns="http://www.springframework.org/schema/beans"
	xmlns:xsi="http://www.w3.org/2001/XMLSchema-instance" xmlns:context="http://www.springframework.org/schema/context"
	xmlns:mvc="http://www.springframework.org/schema/mvc" xmlns:p="http://www.springframework.org/schema/p"
	xmlns:aop="http://www.springframework.org/schema/aop"
	xsi:schemaLocation="http://www.springframework.org/schema/aop http://www.springframework.org/schema/aop/spring-aop.xsd
	    http://www.springframework.org/schema/beans http://www.springframework.org/schema/beans/spring-beans.xsd
		http://www.springframework.org/schema/context http://www.springframework.org/schema/context/spring-context-4.3.xsd
		http://www.springframework.org/schema/mvc http://www.springframework.org/schema/mvc/spring-mvc-4.3.xsd">
		
		<context:annotation-config></context:annotation-config>
		<context:component-scan base-package="training.demo"></context:component-scan>
		<mvc:annotation-driven />
	
	
	<!-- To create jdbc connectivity -->
	<bean id="dataSource"   class=  
   "org.springframework.jdbc.datasource.DriverManagerDataSource">
      <property name="driverClassName" 			
                         value="com.mysql.cj.jdbc.Driver"/>
      <property name="url" 
                         value="jdbc:mysql://localhost:3306/test"/>
      <property name="username" value="root"/>
      <property name="password" value="root123"/>
</bean>
<bean id="jdbcTemplate"  
           class="org.springframework.jdbc.core.JdbcTemplate">
     <property name="dataSource"><ref bean="dataSource" /></property>
</bean>
		
		
		
</beans>